week,date,client_id,brand,region,demand,supply,quantity_sold,production_volume,price_per_unit,cost_per_unit,total_revenue,profit_margin,inventory_level,min_stock_threshold,reorder_quantity,disruption_prob,emission_factor,shelf_life_days,storage_condition
0,2015-01-05,3,Sudha,Bihar,600,580,574,928,49.31,26.99,28303.94,0.4526,160,40.64,89.72,0.2516,2.798,2,Tetra Pack
1,2015-01-12,3,Sudha,Bihar,604,499,597,972,49.93,27.87,29808.21,0.4418,51,44.32,103.84,0.2844,2.276,2,Polythene Packet
2,2015-01-19,3,Sudha,Bihar,649,693,631,962,49.39,27.26,31165.09,0.4481,93,44.68,88.05,0.1946,2.556,1,Polythene Packet
3,2015-01-26,3,Sudha,Bihar,563,572,519,933,49.67,26.71,25778.73,0.4623,128,42.14,101.65,0.2485,2.494,1,Tetra Pack
4,2015-02-02,3,Sudha,Bihar,644,508,574,958,48.53,27.17,27856.22,0.4401,90,41.91,86.38,0.281,2.002,1,Polythene Packet
5,2015-02-09,3,Sudha,Bihar,654,613,637,1019,49.83,27.62,31741.71,0.4457,75,44.56,102.41,0.1926,2.085,2,Polythene Packet
6,2015-02-16,3,Sudha,Bihar,636,700,572,944,49.9,27.0,28542.8,0.4589,211,37.92,108.75,0.2659,1.978,2,Polythene Packet
7,2015-02-23,3,Sudha,Bihar,619,581,546,927,49.38,26.98,26961.48,0.4536,253,37.59,94.77,0.2098,2.332,1,Tetra Pack
8,2015-03-02,3,Sudha,Bihar,697,569,641,995,50.53,28.32,32389.73,0.4395,166,38.69,97.46,0.3094,2.147,2,Tetra Pack
9,2015-03-09,3,Sudha,Bihar,607,539,577,972,49.88,27.52,28780.76,0.4483,133,36.87,104.11,0.1806,2.275,2,Tetra Pack
10,2015-03-16,3,Sudha,Bihar,705,738,652,809,50.41,27.98,32867.32,0.445,224,38.6,85.48,0.1939,1.706,1,Polythene Packet
11,2015-03-23,3,Sudha,Bihar,687,627,685,923,50.06,27.34,34291.1,0.4539,183,38.61,92.81,0.4381,2.18,2,Polythene Packet
12,2015-03-30,3,Sudha,Bihar,699,663,619,838,50.73,28.05,31401.87,0.4471,197,35.88,91.06,0.1825,1.794,1,Polythene Packet
13,2015-04-06,3,Sudha,Bihar,712,743,670,1058,49.83,27.51,33386.1,0.4479,271,38.45,85.53,0.2189,2.179,1,Polythene Packet
14,2015-04-13,3,Sudha,Bihar,732,511,729,849,50.61,27.95,36894.69,0.4477,26,43.79,111.88,0.2481,1.692,1,Polythene Packet
15,2015-04-20,3,Sudha,Bihar,700,774,681,974,48.88,27.28,33287.28,0.4419,120,42.29,95.35,0.2366,2.345,2,Polythene Packet
16,2015-04-27,3,Sudha,Bihar,632,538,601,972,50.88,27.62,30578.88,0.4572,75,43.06,92.8,0.2292,1.997,1,Refrigerated
17,2015-05-04,3,Sudha,Bihar,756,627,639,832,49.99,27.24,31943.61,0.4551,67,44.07,97.26,0.2454,2.309,2,Polythene Packet
18,2015-05-11,3,Sudha,Bihar,731,690,716,925,49.93,27.2,35749.88,0.4552,17,42.29,92.13,0.2488,2.232,1,Polythene Packet
19,2015-05-18,3,Sudha,Bihar,575,506,494,821,50.19,27.44,24793.86,0.4533,27,38.82,104.43,0.2297,2.114,2,Polythene Packet
20,2015-05-25,3,Sudha,Bihar,600,445,422,872,49.79,27.28,21011.38,0.4521,69,41.12,97.82,0.2767,2.006,1,Polythene Packet
21,2015-06-01,3,Sudha,Bihar,719,833,675,861,49.42,27.5,33358.5,0.4435,241,42.2,88.35,0.2845,2.248,1,Refrigerated
22,2015-06-08,3,Sudha,Bihar,718,645,690,1042,49.59,27.68,34217.1,0.4418,179,39.09,104.85,0.19,2.117,2,Polythene Packet
23,2015-06-15,3,Sudha,Bihar,654,744,618,904,49.24,27.73,30430.32,0.4368,288,36.6,96.49,0.2518,2.245,1,Tetra Pack
24,2015-06-22,3,Sudha,Bihar,641,728,612,938,49.03,27.47,30006.36,0.4397,447,44.97,93.96,0.1892,2.371,1,Polythene Packet
25,2015-06-29,3,Sudha,Bihar,614,698,580,900,49.39,27.32,28646.2,0.4469,583,36.63,93.13,0.4169,2.191,1,Polythene Packet
26,2015-07-06,3,Sudha,Bihar,542,624,480,845,48.99,26.6,23515.2,0.457,720,39.03,106.68,0.4725,2.454,2,Tetra Pack
27,2015-07-13,3,Sudha,Bihar,467,279,440,916,47.72,26.49,20996.8,0.4449,549,35.49,113.51,0.4158,2.036,1,Refrigerated
28,2015-07-20,3,Sudha,Bihar,540,468,522,1047,47.71,26.39,24904.62,0.4469,500,39.89,87.88,0.4523,2.028,1,Polythene Packet
29,2015-07-27,3,Sudha,Bihar,508,514,477,865,48.65,26.76,23206.05,0.4499,534,36.41,94.77,0.4632,2.413,1,Polythene Packet
30,2015-08-03,3,Sudha,Bihar,522,672,459,924,48.04,26.55,22050.36,0.4473,720,37.29,89.73,0.4366,2.513,2,Tetra Pack
31,2015-08-10,3,Sudha,Bihar,608,596,565,973,47.48,26.46,26826.2,0.4427,720,44.3,103.79,0.4544,2.199,1,Refrigerated
32,2015-08-17,3,Sudha,Bihar,463,511,434,1022,47.69,26.57,20697.46,0.4429,720,42.83,104.91,0.4543,2.418,2,Polythene Packet
33,2015-08-24,3,Sudha,Bihar,525,589,466,926,47.9,27.08,22321.4,0.4347,720,39.93,112.48,0.4354,2.582,2,Tetra Pack
34,2015-08-31,3,Sudha,Bihar,455,283,420,863,48.74,26.99,20470.8,0.4462,597,35.32,86.43,0.4519,2.438,2,Polythene Packet
35,2015-09-07,3,Sudha,Bihar,508,530,502,918,49.58,27.28,24889.16,0.4498,627,40.17,112.15,0.4366,2.602,2,Tetra Pack
36,2015-09-14,3,Sudha,Bihar,402,383,362,888,48.23,26.89,17459.26,0.4425,645,41.82,104.02,0.4078,1.935,1,Refrigerated
37,2015-09-21,3,Sudha,Bihar,722,750,654,902,47.2,26.01,30868.8,0.4489,720,43.56,111.84,0.4627,2.676,2,Refrigerated
38,2015-09-28,3,Sudha,Bihar,598,557,548,964,47.42,25.48,25986.16,0.4627,720,39.94,102.65,0.3098,2.062,1,Polythene Packet
39,2015-10-05,3,Sudha,Bihar,547,467,491,1001,47.92,26.29,23528.72,0.4514,720,43.28,108.75,0.2118,2.337,2,Tetra Pack
40,2015-10-12,3,Sudha,Bihar,539,543,518,903,47.94,26.6,24832.92,0.4451,720,38.32,86.87,0.2168,2.252,1,Refrigerated
41,2015-10-19,3,Sudha,Bihar,455,452,404,876,47.9,26.37,19351.6,0.4495,720,40.91,85.87,0.1881,1.999,1,Refrigerated
42,2015-10-26,3,Sudha,Bihar,582,556,571,935,48.45,26.87,27664.95,0.4454,720,43.06,104.87,0.2197,2.513,1,Polythene Packet
43,2015-11-02,3,Sudha,Bihar,568,531,521,838,48.01,25.91,25013.21,0.4603,720,43.13,93.91,0.1894,1.898,1,Refrigerated
44,2015-11-09,3,Sudha,Bihar,591,584,564,997,48.27,26.29,27224.28,0.4554,720,40.04,109.37,0.2209,2.038,2,Polythene Packet
45,2015-11-16,3,Sudha,Bihar,665,518,603,939,48.68,27.49,29354.04,0.4353,653,35.69,95.86,0.3215,2.581,2,Refrigerated
46,2015-11-23,3,Sudha,Bihar,560,644,557,870,48.26,26.49,26880.82,0.4511,720,44.42,90.99,0.2268,2.336,1,Polythene Packet
47,2015-11-30,3,Sudha,Bihar,531,543,477,978,49.1,27.29,23420.7,0.4442,720,36.67,93.02,0.2978,2.226,1,Refrigerated
48,2015-12-07,3,Sudha,Bihar,645,510,587,909,48.78,27.15,28633.86,0.4434,636,36.86,88.61,0.2704,1.691,2,Tetra Pack
49,2015-12-14,3,Sudha,Bihar,551,561,549,899,48.87,27.0,26829.63,0.4475,640,43.9,112.35,0.1935,2.117,2,Refrigerated
50,2015-12-21,3,Sudha,Bihar,684,693,621,1041,48.91,27.4,30373.11,0.4398,720,41.97,113.12,0.2296,2.088,1,Polythene Packet
51,2015-12-28,3,Sudha,Bihar,602,673,555,970,48.59,26.43,26967.45,0.4561,720,40.48,87.79,0.2016,2.047,1,Polythene Packet
52,2016-01-04,3,Sudha,Bihar,647,636,622,905,49.06,27.28,30515.32,0.4439,697,44.33,106.45,0.3032,1.997,2,Refrigerated
53,2016-01-11,3,Sudha,Bihar,646,649,625,902,48.74,26.49,30462.5,0.4565,713,42.89,94.51,0.2347,2.24,2,Refrigerated
54,2016-01-18,3,Sudha,Bihar,717,557,703,892,49.99,27.48,35142.97,0.4503,568,40.1,100.69,0.256,2.336,1,Refrigerated
55,2016-01-25,3,Sudha,Bihar,599,597,536,987,49.04,27.02,26285.44,0.449,613,39.69,112.99,0.1886,2.245,2,Polythene Packet
56,2016-02-01,3,Sudha,Bihar,591,693,588,1057,49.89,27.58,29335.32,0.4472,720,41.15,94.65,0.2218,1.738,1,Polythene Packet
57,2016-02-08,3,Sudha,Bihar,612,597,585,985,50.38,27.81,29472.3,0.448,720,40.29,113.81,0.2011,2.44,1,Refrigerated
58,2016-02-15,3,Sudha,Bihar,735,745,677,991,49.81,27.33,33721.37,0.4513,720,42.31,109.86,0.2295,2.305,2,Polythene Packet
59,2016-02-22,3,Sudha,Bihar,683,613,624,924,48.95,27.02,30544.8,0.448,711,36.7,109.01,0.233,1.868,1,Polythene Packet
60,2016-02-29,3,Sudha,Bihar,643,674,583,976,49.2,27.25,28683.6,0.4461,720,43.01,106.63,0.2061,2.383,2,Tetra Pack
61,2016-03-07,3,Sudha,Bihar,784,837,711,977,49.43,27.08,35144.73,0.4522,720,44.97,103.34,0.2826,2.357,2,Polythene Packet
62,2016-03-14,3,Sudha,Bihar,782,800,747,838,50.37,27.75,37626.39,0.4491,720,39.27,92.15,0.2034,2.431,1,Polythene Packet
63,2016-03-21,3,Sudha,Bihar,666,598,610,1047,49.65,27.11,30286.5,0.454,718,38.52,98.72,0.2863,2.042,1,Polythene Packet
64,2016-03-28,3,Sudha,Bihar,650,667,628,1021,49.08,26.61,30822.24,0.4578,720,40.15,99.04,0.1848,2.004,2,Refrigerated
65,2016-04-04,3,Sudha,Bihar,750,752,694,910,49.21,27.44,34151.74,0.4424,720,44.23,102.89,0.2164,2.121,2,Polythene Packet
66,2016-04-11,3,Sudha,Bihar,740,727,705,885,50.43,27.98,35553.15,0.4452,720,37.16,97.13,0.262,2.542,2,Tetra Pack
67,2016-04-18,3,Sudha,Bihar,663,659,631,857,50.12,27.2,31625.72,0.4573,714,40.66,108.47,0.1841,2.032,1,Tetra Pack
68,2016-04-25,3,Sudha,Bihar,760,845,704,904,50.11,27.02,35277.44,0.4608,720,39.92,110.69,0.2159,1.797,1,Polythene Packet
69,2016-05-02,3,Sudha,Bihar,609,561,552,959,49.07,26.6,27086.64,0.4579,720,38.24,100.06,0.2122,2.124,2,Polythene Packet
70,2016-05-09,3,Sudha,Bihar,812,759,800,982,50.78,28.27,40624.0,0.4433,682,41.02,107.6,0.2027,2.291,1,Polythene Packet
71,2016-05-16,3,Sudha,Bihar,657,639,625,814,49.68,27.78,31050.0,0.4408,720,39.99,103.25,0.4577,2.31,2,Polythene Packet
72,2016-05-23,3,Sudha,Bihar,686,692,625,1019,49.22,27.33,30762.5,0.4447,720,36.7,112.15,0.2012,2.608,1,Tetra Pack
73,2016-05-30,3,Sudha,Bihar,741,697,710,847,50.36,27.53,35755.6,0.4533,691,42.81,106.62,0.2345,2.321,2,Polythene Packet
74,2016-06-06,3,Sudha,Bihar,563,598,538,907,48.62,26.85,26157.56,0.4478,720,37.04,94.74,0.2211,2.401,1,Refrigerated
75,2016-06-13,3,Sudha,Bihar,610,633,554,938,49.71,27.59,27539.34,0.445,720,38.5,108.16,0.228,1.864,2,Polythene Packet
76,2016-06-20,3,Sudha,Bihar,685,640,683,1017,49.88,27.04,34068.04,0.4579,695,35.66,107.9,0.2222,2.45,2,Refrigerated
77,2016-06-27,3,Sudha,Bihar,503,385,463,936,48.76,26.64,22575.88,0.4537,574,40.35,103.85,0.1856,2.412,2,Polythene Packet
78,2016-07-04,3,Sudha,Bihar,591,570,590,903,48.67,26.8,28715.3,0.4494,553,39.06,103.19,0.4122,2.072,1,Tetra Pack
79,2016-07-11,3,Sudha,Bihar,606,509,541,869,48.78,26.49,26389.98,0.4569,507,44.82,89.7,0.514,1.857,1,Polythene Packet
80,2016-07-18,3,Sudha,Bihar,443,362,410,905,48.44,26.48,19860.4,0.4533,447,39.65,103.28,0.418,2.327,1,Polythene Packet
81,2016-07-25,3,Sudha,Bihar,633,465,558,848,48.94,26.83,27308.52,0.4518,339,40.91,111.77,0.4412,2.398,2,Polythene Packet
82,2016-08-01,3,Sudha,Bihar,600,632,595,919,48.49,26.15,28851.55,0.4607,419,39.79,113.03,0.4241,2.168,1,Polythene Packet
83,2016-08-08,3,Sudha,Bihar,604,477,593,934,48.19,26.19,28576.67,0.4565,304,41.7,113.24,0.4951,2.102,2,Polythene Packet
84,2016-08-15,3,Sudha,Bihar,583,427,571,1012,48.37,26.21,27619.27,0.4581,168,43.84,100.26,0.4023,2.349,2,Polythene Packet
85,2016-08-22,3,Sudha,Bihar,522,494,508,785,48.25,26.54,24511.0,0.4499,186,42.93,99.82,0.4541,2.199,2,Polythene Packet
86,2016-08-29,3,Sudha,Bihar,507,483,461,921,47.62,26.07,21952.82,0.4525,210,41.41,103.51,0.4547,2.303,1,Polythene Packet
87,2016-09-05,3,Sudha,Bihar,614,571,597,926,47.6,26.24,28417.2,0.4487,210,35.28,86.71,0.4405,2.236,1,Refrigerated
88,2016-09-12,3,Sudha,Bihar,513,389,467,964,48.41,27.22,22607.47,0.4377,156,37.71,108.84,0.5388,1.972,1,Polythene Packet
89,2016-09-19,3,Sudha,Bihar,572,472,548,975,48.02,26.09,26314.96,0.4567,79,35.75,99.25,0.4424,2.232,1,Polythene Packet
90,2016-09-26,3,Sudha,Bihar,481,542,444,870,48.81,26.26,21671.64,0.462,178,44.49,114.69,0.4079,2.182,1,Polythene Packet
91,2016-10-03,3,Sudha,Bihar,680,691,638,976,49.08,26.82,31313.04,0.4535,195,35.16,90.22,0.2265,1.721,1,Refrigerated
92,2016-10-10,3,Sudha,Bihar,434,366,433,1023,47.51,25.9,20571.83,0.4549,149,36.93,106.28,0.191,2.299,1,Tetra Pack
93,2016-10-17,3,Sudha,Bihar,521,489,491,866,49.43,27.36,24270.13,0.4465,135,40.7,102.05,0.3572,2.358,2,Polythene Packet
94,2016-10-24,3,Sudha,Bihar,613,644,548,995,48.32,26.6,26479.36,0.4495,234,42.03,108.22,0.2658,2.21,1,Polythene Packet
95,2016-10-31,3,Sudha,Bihar,614,538,599,965,48.62,26.84,29123.38,0.448,167,38.81,108.24,0.1953,2.297,1,Tetra Pack
96,2016-11-07,3,Sudha,Bihar,531,396,489,967,47.61,25.83,23281.29,0.4575,84,44.0,94.21,0.2056,1.89,1,Refrigerated
97,2016-11-14,3,Sudha,Bihar,590,593,562,887,49.58,27.12,27863.96,0.453,113,41.58,97.98,0.1915,1.905,2,Polythene Packet
98,2016-11-21,3,Sudha,Bihar,524,478,464,998,48.27,26.27,22397.28,0.4558,111,40.75,97.47,0.2546,2.508,1,Polythene Packet
99,2016-11-28,3,Sudha,Bihar,699,714,683,889,49.08,26.48,33521.64,0.4605,132,35.2,108.05,0.2244,2.017,1,Refrigerated
100,2016-12-05,3,Sudha,Bihar,614,655,541,976,49.29,26.88,26665.89,0.4547,248,39.29,85.53,0.2307,2.051,1,Polythene Packet
101,2016-12-12,3,Sudha,Bihar,536,566,501,935,49.51,27.01,24804.51,0.4545,351,38.19,108.17,0.1972,1.988,2,Tetra Pack
102,2016-12-19,3,Sudha,Bihar,554,440,534,936,48.38,26.33,25834.92,0.4558,254,41.07,88.69,0.2323,2.194,1,Polythene Packet
103,2016-12-26,3,Sudha,Bihar,651,693,606,888,49.17,26.86,29797.02,0.4537,330,38.58,104.6,0.206,2.113,1,Polythene Packet
104,2017-01-02,3,Sudha,Bihar,610,703,589,936,49.08,27.06,28908.12,0.4487,405,38.56,110.27,0.1809,2.131,2,Tetra Pack
105,2017-01-09,3,Sudha,Bihar,787,771,758,953,49.81,26.73,37755.98,0.4634,403,42.92,86.86,0.2242,2.127,1,Polythene Packet
106,2017-01-16,3,Sudha,Bihar,676,706,641,882,48.96,26.67,31383.36,0.4553,419,37.91,109.23,0.333,2.193,1,Refrigerated
107,2017-01-23,3,Sudha,Bihar,574,674,558,963,50.14,27.27,27978.12,0.4561,537,36.48,105.39,0.1888,2.379,1,Refrigerated
108,2017-01-30,3,Sudha,Bihar,695,714,613,923,49.95,27.46,30619.35,0.4503,614,40.79,98.89,0.3235,1.782,1,Polythene Packet
109,2017-02-06,3,Sudha,Bihar,700,647,683,881,49.95,27.37,34115.85,0.4521,612,38.68,108.46,0.2234,2.43,1,Polythene Packet
110,2017-02-13,3,Sudha,Bihar,676,846,605,984,49.97,27.64,30231.85,0.4469,720,44.64,111.37,0.2435,2.77,2,Polythene Packet
111,2017-02-20,3,Sudha,Bihar,828,747,785,854,49.02,26.81,38480.7,0.4531,685,35.68,96.05,0.2529,2.649,2,Refrigerated
112,2017-02-27,3,Sudha,Bihar,699,686,645,943,50.6,27.89,32637.0,0.4488,720,39.3,89.45,0.2065,2.521,1,Polythene Packet
113,2017-03-06,3,Sudha,Bihar,703,709,634,879,50.62,27.76,32093.08,0.4516,720,42.24,90.6,0.186,2.205,2,Polythene Packet
114,2017-03-13,3,Sudha,Bihar,709,808,676,967,50.37,27.98,34050.12,0.4445,720,41.46,97.07,0.2498,2.388,1,Refrigerated
115,2017-03-20,3,Sudha,Bihar,762,760,686,995,50.27,27.87,34485.22,0.4456,720,40.26,111.68,0.2022,2.173,1,Polythene Packet
116,2017-03-27,3,Sudha,Bihar,711,687,701,954,50.76,27.84,35582.76,0.4515,714,40.08,103.78,0.2848,2.455,2,Polythene Packet
117,2017-04-03,3,Sudha,Bihar,711,721,700,1055,49.64,27.28,34748.0,0.4504,720,43.49,89.16,0.2919,2.485,1,Tetra Pack
118,2017-04-10,3,Sudha,Bihar,706,647,677,979,49.88,27.72,33768.76,0.4443,665,35.82,111.76,0.2,1.717,2,Tetra Pack
119,2017-04-17,3,Sudha,Bihar,760,816,750,1021,49.14,27.45,36855.0,0.4414,720,38.28,99.03,0.2705,2.155,2,Tetra Pack
120,2017-04-24,3,Sudha,Bihar,805,751,719,884,49.92,27.59,35892.48,0.4473,720,40.47,100.99,0.1916,2.019,1,Tetra Pack
121,2017-05-01,3,Sudha,Bihar,667,652,636,934,49.66,27.1,31583.76,0.4543,715,40.06,87.56,0.1886,2.168,1,Polythene Packet
122,2017-05-08,3,Sudha,Bihar,694,700,678,981,50.03,27.93,33920.34,0.4417,716,41.87,114.85,0.2022,2.122,1,Refrigerated
123,2017-05-15,3,Sudha,Bihar,687,484,666,941,49.83,27.34,33186.78,0.4513,510,42.27,94.14,0.3489,2.002,1,Polythene Packet
124,2017-05-22,3,Sudha,Bihar,769,837,759,1001,48.96,26.85,37160.64,0.4516,575,42.14,85.39,0.2361,1.791,1,Refrigerated
125,2017-05-29,3,Sudha,Bihar,738,763,688,1010,49.49,27.31,34049.12,0.4482,638,41.94,112.74,0.2518,2.018,1,Polythene Packet
126,2017-06-05,3,Sudha,Bihar,577,620,515,935,49.05,26.88,25260.75,0.452,720,37.25,92.21,0.2274,1.965,1,Polythene Packet
127,2017-06-12,3,Sudha,Bihar,710,762,677,948,49.19,26.97,33301.63,0.4517,720,40.5,108.58,0.2251,2.38,1,Polythene Packet
128,2017-06-19,3,Sudha,Bihar,606,672,537,873,49.27,26.92,26457.99,0.4536,720,43.32,110.58,0.1862,1.958,1,Polythene Packet
129,2017-06-26,3,Sudha,Bihar,684,621,650,922,48.57,27.05,31570.5,0.4431,696,38.0,89.99,0.2322,2.105,1,Polythene Packet
130,2017-07-03,3,Sudha,Bihar,680,585,652,886,48.95,26.65,31915.4,0.4556,624,36.72,87.02,0.5045,2.215,2,Polythene Packet
131,2017-07-10,3,Sudha,Bihar,541,440,495,835,49.48,27.29,24492.6,0.4485,572,35.9,104.28,0.4264,2.818,1,Polythene Packet
132,2017-07-17,3,Sudha,Bihar,620,495,571,946,48.62,26.48,27762.02,0.4554,498,35.47,114.23,0.4754,2.578,2,Polythene Packet
133,2017-07-24,3,Sudha,Bihar,624,662,598,923,48.76,26.63,29158.48,0.4539,541,36.71,111.11,0.4056,2.405,1,Refrigerated
134,2017-07-31,3,Sudha,Bihar,564,439,554,840,47.69,26.18,26420.26,0.451,410,37.37,105.77,0.5065,2.424,2,Polythene Packet
135,2017-08-07,3,Sudha,Bihar,482,513,453,964,47.85,25.73,21676.05,0.4623,478,42.68,91.24,0.4515,2.263,1,Polythene Packet
136,2017-08-14,3,Sudha,Bihar,694,634,681,1016,48.65,26.97,33130.65,0.4456,440,42.72,112.8,0.4392,2.207,1,Polythene Packet
137,2017-08-21,3,Sudha,Bihar,461,325,411,1008,47.71,26.09,19608.81,0.4532,351,38.34,110.2,0.4008,2.381,2,Refrigerated
138,2017-08-28,3,Sudha,Bihar,541,617,518,983,48.14,26.64,24936.52,0.4466,474,40.25,85.39,0.4302,2.13,2,Refrigerated
139,2017-09-04,3,Sudha,Bihar,428,279,394,1008,48.23,26.93,19002.62,0.4416,359,35.55,86.52,0.4139,2.336,2,Refrigerated
140,2017-09-11,3,Sudha,Bihar,422,375,413,931,47.62,26.23,19667.06,0.4492,350,37.2,96.82,0.471,2.509,1,Polythene Packet
141,2017-09-18,3,Sudha,Bihar,499,506,439,975,48.67,26.28,21366.13,0.46,443,39.25,89.62,0.4573,2.228,2,Polythene Packet
142,2017-09-25,3,Sudha,Bihar,549,405,512,915,48.1,26.1,24627.2,0.4574,327,43.71,90.55,0.4434,2.334,1,Refrigerated
143,2017-10-02,3,Sudha,Bihar,342,371,306,1034,48.59,26.58,14868.54,0.453,374,38.73,92.28,0.1839,2.278,1,Refrigerated
144,2017-10-09,3,Sudha,Bihar,444,541,404,1058,48.69,27.35,19670.76,0.4383,516,40.37,98.86,0.2928,2.385,1,Polythene Packet
145,2017-10-16,3,Sudha,Bihar,663,657,634,899,48.56,26.72,30787.04,0.4498,520,42.33,97.16,0.1953,2.608,2,Refrigerated
146,2017-10-23,3,Sudha,Bihar,715,766,668,826,47.89,26.68,31990.52,0.4429,604,37.33,95.29,0.2897,2.643,1,Polythene Packet
147,2017-10-30,3,Sudha,Bihar,573,549,517,979,49.2,27.13,25436.4,0.4486,600,42.13,100.33,0.2158,2.113,1,Refrigerated
148,2017-11-06,3,Sudha,Bihar,524,510,499,990,48.87,26.53,24386.13,0.4571,567,43.55,86.51,0.2417,1.896,2,Refrigerated
149,2017-11-13,3,Sudha,Bihar,730,799,724,988,48.65,27.12,35222.6,0.4425,636,36.39,111.44,0.375,2.055,2,Refrigerated
150,2017-11-20,3,Sudha,Bihar,744,678,719,946,48.68,26.52,35000.92,0.4552,587,36.35,94.44,0.186,2.71,1,Refrigerated
151,2017-11-27,3,Sudha,Bihar,651,720,587,1008,48.3,26.38,28352.1,0.4538,720,42.38,112.76,0.2216,2.107,1,Polythene Packet
152,2017-12-04,3,Sudha,Bihar,652,568,624,966,49.19,26.62,30694.56,0.4588,657,44.31,100.92,0.2442,2.339,2,Polythene Packet
153,2017-12-11,3,Sudha,Bihar,709,674,701,1096,48.12,26.3,33732.12,0.4534,658,39.39,99.6,0.2711,2.601,2,Refrigerated
154,2017-12-18,3,Sudha,Bihar,595,617,545,981,49.32,27.42,26879.4,0.444,720,41.27,99.43,0.1928,1.788,2,Refrigerated
155,2017-12-25,3,Sudha,Bihar,652,721,612,945,49.02,26.47,30000.24,0.46,720,38.36,92.82,0.2016,2.039,2,Refrigerated
156,2018-01-01,3,Sudha,Bihar,720,746,716,1046,49.47,26.48,35420.52,0.4647,720,41.11,114.93,0.2126,1.981,2,Tetra Pack
157,2018-01-08,3,Sudha,Bihar,640,658,635,961,49.75,27.55,31591.25,0.4462,720,41.18,87.75,0.2498,2.047,1,Polythene Packet
158,2018-01-15,3,Sudha,Bihar,690,727,665,850,49.44,27.79,32877.6,0.4379,720,43.62,94.93,0.2217,2.041,1,Refrigerated
159,2018-01-22,3,Sudha,Bihar,647,621,599,966,49.99,27.34,29944.01,0.4531,720,43.25,105.99,0.2399,2.375,2,Refrigerated
160,2018-01-29,3,Sudha,Bihar,656,640,616,960,49.9,27.5,30738.4,0.4489,720,39.54,93.32,0.1927,2.239,2,Polythene Packet
161,2018-02-05,3,Sudha,Bihar,701,594,680,930,49.7,27.15,33796.0,0.4537,620,42.72,91.52,0.3042,2.159,1,Polythene Packet
162,2018-02-12,3,Sudha,Bihar,769,709,707,872,49.87,27.53,35258.09,0.448,595,42.01,110.31,0.2861,2.547,1,Refrigerated
163,2018-02-19,3,Sudha,Bihar,816,748,794,1006,50.08,27.69,39763.52,0.4471,524,36.0,107.3,0.2069,2.211,2,Refrigerated
164,2018-02-26,3,Sudha,Bihar,735,780,732,1021,49.99,27.21,36592.68,0.4557,584,43.74,114.34,0.1818,2.319,1,Refrigerated
165,2018-03-05,3,Sudha,Bihar,615,620,612,1023,49.85,27.39,30508.2,0.4506,576,37.62,88.78,0.289,2.254,1,Polythene Packet
166,2018-03-12,3,Sudha,Bihar,721,808,706,1014,50.13,27.83,35391.78,0.4448,679,37.77,111.4,0.2353,2.493,1,Tetra Pack
167,2018-03-19,3,Sudha,Bihar,701,831,690,1021,50.29,28.04,34700.1,0.4424,720,38.85,108.48,0.1864,1.958,1,Tetra Pack
168,2018-03-26,3,Sudha,Bihar,616,558,553,975,49.62,27.47,27439.86,0.4464,720,35.93,98.12,0.2214,2.081,1,Polythene Packet
169,2018-04-02,3,Sudha,Bihar,760,869,699,901,50.25,27.88,35124.75,0.4452,720,44.4,87.79,0.2129,2.036,1,Polythene Packet
170,2018-04-09,3,Sudha,Bihar,731,765,693,1024,49.94,27.16,34608.42,0.4561,720,44.22,99.42,0.3684,1.717,1,Polythene Packet
171,2018-04-16,3,Sudha,Bihar,776,747,735,879,49.89,28.02,36669.15,0.4384,720,39.95,114.84,0.2117,2.114,1,Polythene Packet
172,2018-04-23,3,Sudha,Bihar,740,821,695,929,49.93,27.36,34701.35,0.452,720,40.0,106.27,0.1968,2.2,1,Refrigerated
173,2018-04-30,3,Sudha,Bihar,744,865,663,940,50.14,27.54,33242.82,0.4507,720,35.57,106.53,0.2102,2.233,1,Polythene Packet
174,2018-05-07,3,Sudha,Bihar,761,740,744,1023,50.28,27.55,37408.32,0.4521,698,41.5,90.74,0.1987,2.331,1,Polythene Packet
175,2018-05-14,3,Sudha,Bihar,894,920,862,902,50.09,27.45,43177.58,0.452,720,37.77,85.02,0.2659,2.482,2,Refrigerated
176,2018-05-21,3,Sudha,Bihar,642,697,575,996,49.13,26.98,28249.75,0.4508,720,43.98,100.81,0.1982,2.231,2,Polythene Packet
177,2018-05-28,3,Sudha,Bihar,636,590,575,1040,49.3,27.58,28347.5,0.4406,720,36.35,89.29,0.2248,2.532,2,Refrigerated
178,2018-06-04,3,Sudha,Bihar,668,624,597,890,49.7,27.38,29670.9,0.4491,720,37.05,103.55,0.2213,1.959,1,Polythene Packet
179,2018-06-11,3,Sudha,Bihar,717,624,665,910,49.52,27.76,32930.8,0.4394,661,36.8,100.31,0.1857,2.543,1,Polythene Packet
180,2018-06-18,3,Sudha,Bihar,572,503,503,949,49.22,27.07,24757.66,0.45,651,36.18,112.48,0.2043,2.291,2,Refrigerated
181,2018-06-25,3,Sudha,Bihar,706,674,631,906,48.9,26.52,30855.9,0.4577,686,39.29,104.33,0.1873,1.719,2,Polythene Packet
182,2018-07-02,3,Sudha,Bihar,618,496,610,949,49.21,27.3,30018.1,0.4452,565,40.77,92.95,0.4952,2.179,2,Polythene Packet
183,2018-07-09,3,Sudha,Bihar,554,531,510,881,47.86,26.22,24408.6,0.4522,581,44.82,103.74,0.4183,2.266,1,Polythene Packet
184,2018-07-16,3,Sudha,Bihar,640,441,577,913,49.24,27.14,28411.48,0.4488,451,44.29,98.36,0.5338,2.602,2,Polythene Packet
185,2018-07-23,3,Sudha,Bihar,498,350,475,995,48.84,27.42,23199.0,0.4386,322,37.89,111.7,0.441,2.224,1,Tetra Pack
186,2018-07-30,3,Sudha,Bihar,584,456,527,874,48.26,26.4,25433.02,0.453,239,40.54,88.67,0.5091,2.827,2,Refrigerated
187,2018-08-06,3,Sudha,Bihar,547,551,540,994,48.21,26.05,26033.4,0.4597,241,40.22,86.6,0.4035,1.994,2,Polythene Packet
188,2018-08-13,3,Sudha,Bihar,605,597,574,976,48.54,26.39,27861.96,0.4563,232,41.84,114.38,0.4322,2.364,1,Polythene Packet
189,2018-08-20,3,Sudha,Bihar,557,561,493,917,48.93,26.79,24122.49,0.4525,310,35.35,107.38,0.4761,2.27,2,Polythene Packet
190,2018-08-27,3,Sudha,Bihar,542,580,487,858,47.69,26.08,23225.03,0.4531,337,36.75,107.0,0.4657,2.816,1,Polythene Packet
191,2018-09-03,3,Sudha,Bihar,413,566,370,836,49.17,27.23,18192.9,0.4462,535,43.01,97.22,0.443,2.415,1,Polythene Packet
192,2018-09-10,3,Sudha,Bihar,470,413,469,892,47.89,26.26,22460.41,0.4517,500,39.95,114.74,0.4235,2.459,1,Polythene Packet
193,2018-09-17,3,Sudha,Bihar,389,310,361,946,48.24,26.51,17414.64,0.4505,479,42.13,108.1,0.4635,2.601,2,Polythene Packet
194,2018-09-24,3,Sudha,Bihar,570,522,541,880,48.47,26.52,26222.27,0.4529,474,44.97,92.78,0.4226,2.519,2,Polythene Packet
195,2018-10-01,3,Sudha,Bihar,538,609,508,994,47.68,25.88,24221.44,0.4572,580,35.06,114.57,0.2331,2.227,2,Tetra Pack
196,2018-10-08,3,Sudha,Bihar,570,504,521,983,48.46,26.71,25247.66,0.4488,603,40.76,99.53,0.2126,2.283,2,Polythene Packet
197,2018-10-15,3,Sudha,Bihar,616,525,585,1009,47.98,26.17,28068.3,0.4546,549,42.37,111.91,0.2155,2.327,1,Polythene Packet
198,2018-10-22,3,Sudha,Bihar,650,665,576,969,47.75,26.58,27504.0,0.4434,659,42.08,101.04,0.2352,2.016,2,Polythene Packet
199,2018-10-29,3,Sudha,Bihar,528,590,520,983,48.38,25.73,25157.6,0.4682,705,43.95,108.64,0.2399,1.701,1,Polythene Packet
200,2018-11-05,3,Sudha,Bihar,641,727,602,933,49.1,27.17,29558.2,0.4466,720,36.47,93.75,0.2204,2.466,1,Polythene Packet
201,2018-11-12,3,Sudha,Bihar,610,639,567,855,48.6,26.65,27556.2,0.4516,720,44.25,101.16,0.2178,1.999,2,Polythene Packet
202,2018-11-19,3,Sudha,Bihar,584,356,560,873,48.12,25.89,26947.2,0.462,543,39.43,85.81,0.6157,2.262,2,Refrigerated
203,2018-11-26,3,Sudha,Bihar,653,566,608,921,48.56,26.94,29524.48,0.4452,489,38.84,103.7,0.3389,2.066,1,Polythene Packet
204,2018-12-03,3,Sudha,Bihar,625,583,607,935,49.03,27.42,29761.21,0.4408,456,43.85,96.98,0.2724,2.439,1,Polythene Packet
205,2018-12-10,3,Sudha,Bihar,554,519,495,1030,48.38,26.33,23948.1,0.4558,450,44.32,114.45,0.2035,2.258,2,Polythene Packet
206,2018-12-17,3,Sudha,Bihar,588,556,563,1018,48.76,26.45,27451.88,0.4575,418,38.58,85.03,0.2668,2.64,2,Refrigerated
207,2018-12-24,3,Sudha,Bihar,659,752,633,1019,49.33,26.79,31225.89,0.4569,542,39.13,95.85,0.2818,2.423,2,Refrigerated
208,2018-12-31,3,Sudha,Bihar,700,774,634,987,49.54,27.14,31408.36,0.4522,682,39.82,107.54,0.2729,2.092,1,Polythene Packet
209,2019-01-07,3,Sudha,Bihar,709,734,659,916,49.39,27.3,32548.01,0.4473,720,43.8,98.34,0.1876,2.242,2,Polythene Packet
210,2019-01-14,3,Sudha,Bihar,685,589,612,908,49.2,26.95,30110.4,0.4522,710,38.68,106.73,0.206,2.162,1,Polythene Packet
211,2019-01-21,3,Sudha,Bihar,682,777,615,970,49.08,27.03,30184.2,0.4493,720,42.19,99.7,0.2053,2.075,2,Polythene Packet
212,2019-01-28,3,Sudha,Bihar,669,672,649,1035,49.25,27.23,31963.25,0.4471,720,44.98,97.93,0.1932,1.741,2,Refrigerated
213,2019-02-04,3,Sudha,Bihar,736,760,681,956,50.09,28.04,34111.29,0.4402,720,42.46,90.18,0.2903,2.217,2,Polythene Packet
214,2019-02-11,3,Sudha,Bihar,755,614,737,995,49.45,26.93,36444.65,0.4554,606,41.86,104.58,0.2153,1.993,1,Polythene Packet
215,2019-02-18,3,Sudha,Bihar,782,686,700,1009,49.12,26.87,34384.0,0.453,599,40.31,99.5,0.181,2.167,2,Tetra Pack
216,2019-02-25,3,Sudha,Bihar,748,863,680,969,50.86,28.08,34584.8,0.4479,720,43.69,99.12,0.2459,2.21,2,Polythene Packet
217,2019-03-04,3,Sudha,Bihar,821,786,806,972,50.13,27.82,40404.78,0.445,718,37.03,97.85,0.2798,2.677,2,Polythene Packet
218,2019-03-11,3,Sudha,Bihar,785,554,729,997,49.78,27.71,36289.62,0.4434,541,42.18,91.11,0.2086,2.112,2,Refrigerated
219,2019-03-18,3,Sudha,Bihar,647,491,617,961,49.96,27.59,30825.32,0.4478,401,35.76,101.59,0.2164,1.666,1,Polythene Packet
220,2019-03-25,3,Sudha,Bihar,743,749,678,908,48.57,26.63,32930.46,0.4517,488,36.26,86.59,0.188,1.973,2,Refrigerated
221,2019-04-01,3,Sudha,Bihar,743,549,698,895,50.96,28.11,35570.08,0.4484,323,39.14,96.21,0.3785,2.642,1,Polythene Packet
222,2019-04-08,3,Sudha,Bihar,794,808,713,993,50.02,27.33,35664.26,0.4536,417,37.12,100.65,0.1999,2.308,2,Polythene Packet
223,2019-04-15,3,Sudha,Bihar,786,682,701,897,49.6,27.67,34769.6,0.4421,401,38.9,100.56,0.1984,2.702,1,Polythene Packet
224,2019-04-22,3,Sudha,Bihar,692,686,656,970,49.51,27.19,32478.56,0.4508,435,36.16,100.33,0.1938,2.455,1,Polythene Packet
225,2019-04-29,3,Sudha,Bihar,765,769,704,963,51.09,27.99,35967.36,0.4521,514,41.27,85.54,0.2541,2.064,2,Polythene Packet
226,2019-05-06,3,Sudha,Bihar,768,833,761,949,50.32,27.52,38293.52,0.4531,540,44.38,100.31,0.1984,2.23,1,Refrigerated
227,2019-05-13,3,Sudha,Bihar,645,696,588,1014,49.9,27.46,29341.2,0.4497,631,40.11,96.63,0.2314,2.126,1,Refrigerated
228,2019-05-20,3,Sudha,Bihar,724,748,640,1035,48.87,26.7,31276.8,0.4537,720,37.73,108.88,0.1816,2.052,1,Refrigerated
229,2019-05-27,3,Sudha,Bihar,709,643,670,1067,50.06,27.99,33540.2,0.4409,684,38.56,98.02,0.193,2.298,1,Polythene Packet
230,2019-06-03,3,Sudha,Bihar,629,675,566,1040,49.7,28.05,28130.2,0.4356,720,36.55,85.46,0.2013,2.301,2,Polythene Packet
231,2019-06-10,3,Sudha,Bihar,646,686,593,1002,49.1,26.94,29116.3,0.4513,720,38.21,106.2,0.1996,2.031,2,Refrigerated
232,2019-06-17,3,Sudha,Bihar,673,607,660,972,48.55,26.51,32043.0,0.454,644,40.8,107.0,0.2369,1.908,1,Polythene Packet
233,2019-06-24,3,Sudha,Bihar,603,645,548,1022,49.43,27.37,27087.64,0.4463,720,35.92,102.26,0.2345,2.135,2,Refrigerated
234,2019-07-01,3,Sudha,Bihar,470,417,439,881,49.19,27.06,21594.41,0.4499,720,36.28,114.89,0.4823,2.683,2,Refrigerated
235,2019-07-08,3,Sudha,Bihar,442,450,436,908,48.31,26.85,21063.16,0.4442,720,38.22,109.45,0.404,2.515,1,Refrigerated
236,2019-07-15,3,Sudha,Bihar,627,551,585,948,48.6,27.03,28431.0,0.4438,678,38.4,111.87,0.4307,2.509,1,Refrigerated
237,2019-07-22,3,Sudha,Bihar,621,621,611,950,48.49,26.61,29627.39,0.4512,665,42.3,90.54,0.4906,2.244,1,Refrigerated
238,2019-07-29,3,Sudha,Bihar,574,536,520,913,48.21,26.49,25069.2,0.4505,673,38.42,111.99,0.5027,2.096,2,Tetra Pack
239,2019-08-05,3,Sudha,Bihar,609,465,585,885,47.18,26.14,27600.3,0.446,547,42.85,88.37,0.4862,2.243,2,Polythene Packet
240,2019-08-12,3,Sudha,Bihar,594,590,543,1008,47.76,26.09,25933.68,0.4537,609,35.44,107.97,0.4886,2.306,1,Polythene Packet
241,2019-08-19,3,Sudha,Bihar,531,436,503,1067,48.59,26.95,24440.77,0.4454,539,37.93,104.19,0.4318,2.483,1,Polythene Packet
242,2019-08-26,3,Sudha,Bihar,534,551,501,991,47.96,26.02,24027.96,0.4575,581,41.97,100.22,0.4681,2.636,1,Refrigerated
243,2019-09-02,3,Sudha,Bihar,491,453,461,922,48.57,26.97,22390.77,0.4447,561,41.32,102.31,0.4031,2.673,1,Polythene Packet
244,2019-09-09,3,Sudha,Bihar,478,465,446,1014,48.98,26.94,21845.08,0.45,615,38.31,98.86,0.4666,2.665,1,Polythene Packet
245,2019-09-16,3,Sudha,Bihar,547,651,493,1026,47.79,26.34,23560.47,0.4488,720,38.1,86.5,0.4124,1.976,2,Polythene Packet
246,2019-09-23,3,Sudha,Bihar,505,531,454,927,48.99,26.92,22241.46,0.4505,720,44.25,91.86,0.4432,2.706,1,Refrigerated
247,2019-09-30,3,Sudha,Bihar,496,474,473,916,47.59,25.86,22510.07,0.4566,720,41.75,108.49,0.2185,2.279,1,Polythene Packet
248,2019-10-07,3,Sudha,Bihar,569,526,509,928,47.55,25.98,24202.95,0.4536,720,44.12,114.17,0.2619,2.38,1,Polythene Packet
249,2019-10-14,3,Sudha,Bihar,544,647,522,1062,48.66,26.61,25400.52,0.4531,720,42.97,113.59,0.2152,2.264,1,Polythene Packet
250,2019-10-21,3,Sudha,Bihar,588,635,564,949,47.48,26.23,26778.72,0.4476,720,43.33,95.99,0.2505,1.945,2,Polythene Packet
251,2019-10-28,3,Sudha,Bihar,572,598,532,1054,48.31,26.58,25700.92,0.4498,720,43.27,108.07,0.2129,2.537,1,Polythene Packet
252,2019-11-04,3,Sudha,Bihar,659,683,599,1070,47.46,26.15,28428.54,0.449,720,43.34,96.45,0.2105,2.547,2,Polythene Packet
253,2019-11-11,3,Sudha,Bihar,544,526,511,1016,48.37,26.62,24717.07,0.4497,720,35.65,88.4,0.3036,2.271,1,Polythene Packet
254,2019-11-18,3,Sudha,Bihar,596,594,595,1051,48.09,26.71,28613.55,0.4446,703,43.43,85.82,0.3002,1.954,1,Tetra Pack
255,2019-11-25,3,Sudha,Bihar,675,619,661,903,48.86,27.04,32296.46,0.4466,676,38.26,89.7,0.2546,2.261,2,Polythene Packet
256,2019-12-02,3,Sudha,Bihar,663,660,640,971,48.02,26.24,30732.8,0.4536,718,38.24,92.57,0.209,2.277,1,Tetra Pack
257,2019-12-09,3,Sudha,Bihar,687,675,645,1004,49.17,26.97,31714.65,0.4515,720,36.22,107.77,0.2222,2.001,1,Polythene Packet
258,2019-12-16,3,Sudha,Bihar,557,627,513,965,49.12,27.03,25198.56,0.4497,720,43.73,102.06,0.218,2.22,1,Polythene Packet
259,2019-12-23,3,Sudha,Bihar,689,592,656,954,49.64,27.26,32563.84,0.4508,628,44.83,94.12,0.1827,2.116,1,Tetra Pack
260,2019-12-30,3,Sudha,Bihar,624,605,577,999,49.02,26.68,28284.54,0.4557,650,39.32,101.7,0.2027,2.594,1,Refrigerated
261,2020-01-06,3,Sudha,Bihar,635,544,586,936,48.58,26.9,28467.88,0.4463,610,44.2,86.39,0.2354,2.443,1,Polythene Packet
262,2020-01-13,3,Sudha,Bihar,655,572,609,987,49.55,27.58,30175.95,0.4434,558,44.44,106.28,0.2201,2.564,1,Polythene Packet
263,2020-01-20,3,Sudha,Bihar,745,638,720,978,49.48,27.96,35625.6,0.4349,453,42.94,113.44,0.1886,2.37,2,Polythene Packet
264,2020-01-27,3,Sudha,Bihar,679,712,641,997,49.27,27.1,31582.07,0.45,520,39.69,110.36,0.256,2.45,2,Polythene Packet
265,2020-02-03,3,Sudha,Bihar,685,605,657,941,50.0,27.18,32850.0,0.4564,482,43.6,114.06,0.2308,2.25,2,Refrigerated
266,2020-02-10,3,Sudha,Bihar,823,639,767,1039,49.21,27.09,37744.07,0.4495,343,44.8,88.56,0.2661,2.208,1,Refrigerated
267,2020-02-17,3,Sudha,Bihar,732,697,648,980,50.49,27.69,32717.52,0.4516,423,37.01,95.32,0.2473,2.607,2,Polythene Packet
268,2020-02-24,3,Sudha,Bihar,817,731,792,933,49.55,27.47,39243.6,0.4456,364,42.23,113.83,0.1832,2.065,1,Polythene Packet
269,2020-03-02,3,Sudha,Bihar,797,716,747,990,50.78,27.75,37932.66,0.4535,313,37.06,92.53,0.2739,2.382,1,Refrigerated
270,2020-03-09,3,Sudha,Bihar,863,703,839,991,50.15,27.43,42075.85,0.453,173,44.77,114.57,0.2674,2.294,2,Polythene Packet
271,2020-03-16,3,Sudha,Bihar,655,619,628,924,49.89,27.28,31330.92,0.4532,154,44.65,85.68,0.2092,2.286,1,Refrigerated
272,2020-03-23,3,Sudha,Bihar,933,770,898,1076,50.83,27.7,45645.34,0.455,51,41.1,102.25,0.2282,2.296,2,Polythene Packet
273,2020-03-30,3,Sudha,Bihar,695,714,662,1001,50.33,28.01,33318.46,0.4435,135,43.24,91.74,0.2645,2.248,1,Polythene Packet
274,2020-04-06,3,Sudha,Bihar,753,802,709,978,50.54,27.83,35832.86,0.4493,264,35.86,90.36,0.24,2.222,1,Polythene Packet
275,2020-04-13,3,Sudha,Bihar,813,737,783,1091,50.17,27.91,39283.11,0.4437,218,44.05,103.95,0.2068,1.671,1,Polythene Packet
276,2020-04-20,3,Sudha,Bihar,586,586,564,1048,49.71,27.32,28036.44,0.4504,250,43.45,103.02,0.2493,2.492,1,Polythene Packet
277,2020-04-27,3,Sudha,Bihar,761,735,701,969,50.05,27.41,35085.05,0.4523,281,35.1,105.87,0.1839,2.147,2,Polythene Packet
278,2020-05-04,3,Sudha,Bihar,705,660,661,1013,49.41,27.02,32660.01,0.4531,284,37.16,94.3,0.2542,2.677,2,Refrigerated
279,2020-05-11,3,Sudha,Bihar,799,743,741,995,48.86,27.08,36205.26,0.4458,282,38.67,88.75,0.1865,2.28,1,Polythene Packet
280,2020-05-18,3,Sudha,Bihar,623,489,587,1021,48.57,26.74,28510.59,0.4495,187,38.32,113.42,0.2202,2.559,2,Tetra Pack
281,2020-05-25,3,Sudha,Bihar,810,852,744,1017,49.88,27.38,37110.72,0.4511,289,40.31,112.02,0.237,2.622,1,Polythene Packet
282,2020-06-01,3,Sudha,Bihar,522,477,484,1019,49.28,27.52,23851.52,0.4416,273,44.58,91.28,0.2219,2.486,1,Refrigerated
283,2020-06-08,3,Sudha,Bihar,739,767,695,1002,47.96,25.95,33332.2,0.4589,352,39.53,86.1,0.2284,1.735,1,Polythene Packet
284,2020-06-15,3,Sudha,Bihar,744,743,742,1029,48.64,26.58,36090.88,0.4535,339,43.95,101.8,0.1963,1.634,1,Refrigerated
285,2020-06-22,3,Sudha,Bihar,668,522,594,1069,49.82,27.34,29593.08,0.4512,244,44.31,109.65,0.2551,2.084,2,Polythene Packet
286,2020-06-29,3,Sudha,Bihar,654,718,649,949,49.14,26.83,31891.86,0.454,298,40.02,108.42,0.4538,2.391,1,Refrigerated
287,2020-07-06,3,Sudha,Bihar,688,716,655,908,49.25,27.11,32258.75,0.4495,335,44.08,104.43,0.4926,2.337,1,Refrigerated
288,2020-07-13,3,Sudha,Bihar,499,335,480,905,47.69,26.17,22891.2,0.4512,163,44.25,86.62,0.7761,2.315,2,Polythene Packet
289,2020-07-20,3,Sudha,Bihar,662,638,661,876,48.58,27.03,32111.38,0.4436,132,38.34,95.32,0.4905,1.965,2,Polythene Packet
290,2020-07-27,3,Sudha,Bihar,634,527,604,927,48.33,26.8,29191.32,0.4455,2,43.82,105.66,0.4339,2.621,1,Polythene Packet
291,2020-08-03,3,Sudha,Bihar,578,677,547,983,48.41,26.42,26480.27,0.4542,128,44.4,92.5,0.432,2.39,1,Polythene Packet
292,2020-08-10,3,Sudha,Bihar,680,644,631,970,48.5,26.96,30603.5,0.4441,126,43.14,88.18,0.4005,2.079,1,Polythene Packet
293,2020-08-17,3,Sudha,Bihar,584,587,579,1002,48.49,27.02,28075.71,0.4428,116,42.1,114.78,0.4162,2.242,2,Polythene Packet
294,2020-08-24,3,Sudha,Bihar,557,520,505,1056,48.19,26.6,24335.95,0.448,117,44.22,111.62,0.5455,2.03,1,Polythene Packet
295,2020-08-31,3,Sudha,Bihar,675,588,606,927,48.17,26.3,29191.02,0.454,109,43.17,104.98,0.4711,2.474,2,Polythene Packet
296,2020-09-07,3,Sudha,Bihar,492,473,490,1104,48.18,26.54,23608.2,0.4491,71,43.55,89.5,0.4417,1.978,2,Polythene Packet
297,2020-09-14,3,Sudha,Bihar,588,702,553,962,48.18,26.43,26643.54,0.4514,203,36.02,112.0,0.4129,1.922,1,Polythene Packet
298,2020-09-21,3,Sudha,Bihar,517,611,485,1009,47.41,26.03,22993.85,0.451,319,39.54,97.86,0.4237,2.519,2,Polythene Packet
299,2020-09-28,3,Sudha,Bihar,502,525,465,955,47.7,25.95,22180.5,0.456,405,36.24,113.31,0.1936,2.491,1,Refrigerated
300,2020-10-05,3,Sudha,Bihar,601,552,571,1068,48.46,26.32,27670.66,0.4569,401,37.17,85.44,0.2715,2.136,1,Polythene Packet
301,2020-10-12,3,Sudha,Bihar,599,634,568,946,48.25,26.69,27406.0,0.4468,492,44.57,85.7,0.2667,2.096,1,Polythene Packet
302,2020-10-19,3,Sudha,Bihar,761,774,720,1006,47.88,26.6,34473.6,0.4444,524,37.79,96.39,0.2654,1.617,1,Polythene Packet
303,2020-10-26,3,Sudha,Bihar,692,600,629,1020,48.55,26.33,30537.95,0.4577,493,44.13,108.74,0.2642,2.081,1,Tetra Pack
304,2020-11-02,3,Sudha,Bihar,602,584,577,1071,47.73,26.43,27540.21,0.4463,497,44.12,85.3,0.2121,1.889,2,Polythene Packet
305,2020-11-09,3,Sudha,Bihar,601,563,570,960,48.47,27.28,27627.9,0.4372,492,44.13,85.47,0.3139,1.954,2,Polythene Packet
306,2020-11-16,3,Sudha,Bihar,612,504,555,1104,49.15,27.05,27278.25,0.4496,446,38.39,108.8,0.2598,2.321,1,Refrigerated
307,2020-11-23,3,Sudha,Bihar,592,488,522,1020,48.65,26.43,25395.3,0.4567,441,38.94,108.22,0.299,2.483,2,Polythene Packet
308,2020-11-30,3,Sudha,Bihar,633,548,597,1052,49.54,27.41,29575.38,0.4467,381,41.22,94.74,0.205,2.343,1,Polythene Packet
309,2020-12-07,3,Sudha,Bihar,700,621,630,1026,48.8,26.78,30744.0,0.4512,341,36.54,110.2,0.1947,2.047,1,Polythene Packet
310,2020-12-14,3,Sudha,Bihar,612,584,565,1034,50.18,27.26,28351.7,0.4568,350,43.72,107.73,0.2318,2.376,2,Polythene Packet
311,2020-12-21,3,Sudha,Bihar,636,534,566,1039,49.53,27.53,28033.98,0.4442,346,42.06,109.3,0.1837,1.798,2,Polythene Packet
312,2020-12-28,3,Sudha,Bihar,615,519,611,1054,48.59,26.68,29688.49,0.4509,259,39.38,87.83,0.2431,2.05,2,Refrigerated
313,2021-01-04,3,Sudha,Bihar,712,775,659,991,49.45,27.2,32587.55,0.4499,367,42.89,85.18,0.2317,2.149,1,Polythene Packet
314,2021-01-11,3,Sudha,Bihar,667,664,665,915,49.08,26.72,32638.2,0.4556,394,35.88,106.38,0.2009,2.031,2,Polythene Packet
315,2021-01-18,3,Sudha,Bihar,693,793,612,1065,50.46,28.09,30881.52,0.4433,563,37.76,106.35,0.2622,2.098,2,Refrigerated
316,2021-01-25,3,Sudha,Bihar,687,618,625,1002,49.42,27.24,30887.5,0.4488,537,43.07,93.27,0.2111,2.101,1,Polythene Packet
317,2021-02-01,3,Sudha,Bihar,619,624,604,1028,49.6,27.26,29958.4,0.4504,575,44.89,103.32,0.298,2.296,2,Refrigerated
318,2021-02-08,3,Sudha,Bihar,697,622,639,993,49.82,27.37,31834.98,0.4506,563,44.69,112.09,0.2171,2.716,1,Tetra Pack
319,2021-02-15,3,Sudha,Bihar,706,683,677,1126,49.77,27.17,33694.29,0.4541,577,40.52,102.57,0.2645,1.963,1,Polythene Packet
320,2021-02-22,3,Sudha,Bihar,824,845,746,1028,49.5,27.09,36927.0,0.4527,665,35.63,111.25,0.1923,2.621,1,Polythene Packet
321,2021-03-01,3,Sudha,Bihar,690,709,671,897,49.29,27.41,33073.59,0.4439,720,35.68,87.35,0.2575,2.278,1,Polythene Packet
322,2021-03-08,3,Sudha,Bihar,705,671,668,1024,48.86,27.17,32638.48,0.4439,695,42.43,86.29,0.221,2.271,2,Refrigerated
323,2021-03-15,3,Sudha,Bihar,779,786,753,1117,50.0,27.23,37650.0,0.4554,720,44.34,95.41,0.197,2.406,2,Polythene Packet
324,2021-03-22,3,Sudha,Bihar,822,903,743,1025,51.22,28.07,38056.46,0.452,720,37.99,91.33,0.2348,2.108,1,Polythene Packet
325,2021-03-29,3,Sudha,Bihar,747,733,729,907,49.52,27.06,36100.08,0.4536,710,42.01,100.55,0.3138,2.252,1,Polythene Packet
326,2021-04-05,3,Sudha,Bihar,835,788,818,1036,50.17,27.31,41039.06,0.4557,701,42.2,104.79,0.1989,2.439,2,Polythene Packet
327,2021-04-12,3,Sudha,Bihar,758,843,705,974,50.12,27.59,35334.6,0.4495,720,38.18,92.7,0.2027,2.985,1,Polythene Packet
328,2021-04-19,3,Sudha,Bihar,753,767,747,1028,49.67,27.36,37103.49,0.4492,720,41.7,108.38,0.2628,2.33,2,Tetra Pack
329,2021-04-26,3,Sudha,Bihar,834,794,746,1049,49.62,27.51,37016.52,0.4456,720,41.66,95.96,0.2329,2.421,1,Refrigerated
330,2021-05-03,3,Sudha,Bihar,686,576,615,1015,49.73,27.31,30583.95,0.4508,666,41.02,110.52,0.2056,2.277,1,Refrigerated
331,2021-05-10,3,Sudha,Bihar,728,717,644,1075,50.41,27.68,32464.04,0.4509,720,43.6,88.61,0.2467,2.694,2,Refrigerated
332,2021-05-17,3,Sudha,Bihar,780,807,719,1121,48.87,27.01,35137.53,0.4473,720,36.23,94.66,0.2326,2.13,2,Polythene Packet
333,2021-05-24,3,Sudha,Bihar,768,853,695,1106,50.13,27.55,34840.35,0.4504,720,44.8,103.29,0.2228,2.283,1,Polythene Packet
334,2021-05-31,3,Sudha,Bihar,733,635,694,1043,50.19,27.99,34831.86,0.4423,638,41.03,86.7,0.2307,2.329,2,Polythene Packet
335,2021-06-07,3,Sudha,Bihar,731,743,649,1054,50.03,27.5,32469.47,0.4503,716,42.0,112.46,0.2251,1.84,1,Refrigerated
336,2021-06-14,3,Sudha,Bihar,767,688,692,1016,49.36,27.49,34157.12,0.4431,691,43.29,111.04,0.2188,2.366,1,Tetra Pack
337,2021-06-21,3,Sudha,Bihar,735,702,652,992,48.96,27.07,31921.92,0.4471,720,37.37,99.91,0.2088,2.34,1,Tetra Pack
338,2021-06-28,3,Sudha,Bihar,681,757,617,1101,48.86,26.92,30146.62,0.449,720,44.69,107.55,0.1819,2.235,1,Polythene Packet
339,2021-07-05,3,Sudha,Bihar,608,481,561,1027,50.09,27.39,28100.49,0.4532,651,38.51,111.73,0.4284,2.771,1,Polythene Packet
340,2021-07-12,3,Sudha,Bihar,672,526,668,947,48.1,26.75,32130.8,0.4439,511,37.85,96.37,0.4529,2.344,1,Tetra Pack
341,2021-07-19,3,Sudha,Bihar,627,655,608,952,48.5,26.86,29488.0,0.4462,577,42.79,96.8,0.4578,2.265,2,Polythene Packet
342,2021-07-26,3,Sudha,Bihar,654,386,616,967,47.54,26.31,29284.64,0.4466,356,39.0,100.18,0.4393,2.128,2,Tetra Pack
343,2021-08-02,3,Sudha,Bihar,605,557,602,1011,47.49,26.78,28588.98,0.4361,332,37.3,88.15,0.4027,1.959,1,Polythene Packet
344,2021-08-09,3,Sudha,Bihar,454,345,413,979,48.38,26.43,19980.94,0.4537,250,38.68,85.5,0.4647,2.448,2,Refrigerated
345,2021-08-16,3,Sudha,Bihar,548,545,505,861,48.41,26.64,24447.05,0.4497,287,38.57,114.57,0.4106,1.641,2,Polythene Packet
346,2021-08-23,3,Sudha,Bihar,558,421,492,1002,48.51,26.61,23866.92,0.4515,223,40.91,101.17,0.4008,2.699,2,Polythene Packet
347,2021-08-30,3,Sudha,Bihar,595,506,589,992,47.76,26.77,28130.64,0.4395,115,39.65,111.6,0.4474,2.774,1,Polythene Packet
348,2021-09-06,3,Sudha,Bihar,535,441,472,930,48.69,27.37,22981.68,0.4379,87,44.99,113.33,0.4242,2.073,1,Refrigerated
349,2021-09-13,3,Sudha,Bihar,552,522,529,880,47.61,26.43,25185.69,0.4449,58,38.63,114.99,0.4327,2.013,2,Tetra Pack
350,2021-09-20,3,Sudha,Bihar,670,423,471,970,47.08,25.8,22174.68,0.452,19,39.2,105.03,0.4482,2.391,1,Polythene Packet
351,2021-09-27,3,Sudha,Bihar,619,561,518,1084,48.58,27.2,25164.44,0.4401,76,40.21,114.72,0.4925,2.306,1,Polythene Packet
352,2021-10-04,3,Sudha,Bihar,593,552,528,1125,47.59,26.16,25127.52,0.4503,118,44.62,89.46,0.2601,2.415,1,Polythene Packet
353,2021-10-11,3,Sudha,Bihar,647,775,623,983,47.91,26.43,29847.93,0.4483,292,35.73,86.24,0.1922,2.45,1,Polythene Packet
354,2021-10-18,3,Sudha,Bihar,623,729,597,989,47.51,25.9,28363.47,0.4549,444,40.86,92.61,0.2678,2.106,2,Polythene Packet
355,2021-10-25,3,Sudha,Bihar,728,722,679,1035,48.29,26.44,32788.91,0.4525,472,42.19,93.76,0.2128,2.224,1,Tetra Pack
356,2021-11-01,3,Sudha,Bihar,609,658,551,1057,47.73,26.24,26299.23,0.4502,590,36.08,109.49,0.2885,2.373,2,Polythene Packet
357,2021-11-08,3,Sudha,Bihar,674,718,662,1138,48.65,26.82,32206.3,0.4487,624,44.14,105.45,0.1852,2.313,2,Tetra Pack
358,2021-11-15,3,Sudha,Bihar,585,661,582,1058,49.07,26.92,28558.74,0.4514,707,37.43,103.24,0.1877,2.377,2,Tetra Pack
359,2021-11-22,3,Sudha,Bihar,664,630,617,1006,49.29,27.56,30411.93,0.4409,720,44.15,96.76,0.2294,2.19,1,Refrigerated
360,2021-11-29,3,Sudha,Bihar,756,649,706,983,49.09,27.26,34657.54,0.4447,652,42.65,85.2,0.2471,2.569,1,Refrigerated
361,2021-12-06,3,Sudha,Bihar,778,776,759,1077,48.39,26.64,36728.01,0.4495,687,42.97,98.14,0.207,1.743,2,Polythene Packet
362,2021-12-13,3,Sudha,Bihar,743,686,662,1080,50.09,28.11,33159.58,0.4388,713,41.81,114.57,0.2107,2.09,2,Refrigerated
363,2021-12-20,3,Sudha,Bihar,660,752,631,1056,48.6,27.24,30666.6,0.4395,720,36.63,89.88,0.2546,2.361,2,Polythene Packet
364,2021-12-27,3,Sudha,Bihar,713,711,645,1072,49.21,27.0,31740.45,0.4513,720,39.6,96.35,0.217,1.852,1,Refrigerated
365,2022-01-03,3,Sudha,Bihar,741,687,728,977,48.93,27.15,35621.04,0.4451,654,43.48,95.14,0.2389,1.712,2,Polythene Packet
366,2022-01-10,3,Sudha,Bihar,712,617,704,1134,50.77,27.27,35742.08,0.4629,591,39.25,93.08,0.301,2.162,2,Polythene Packet
367,2022-01-17,3,Sudha,Bihar,796,745,769,1032,49.25,26.87,37873.25,0.4544,567,41.53,90.14,0.2833,2.074,1,Tetra Pack
368,2022-01-24,3,Sudha,Bihar,698,684,682,1020,49.4,27.2,33690.8,0.4494,523,43.4,87.62,0.2621,2.257,1,Polythene Packet
369,2022-01-31,3,Sudha,Bihar,657,668,650,963,48.62,26.77,31603.0,0.4494,546,44.71,95.47,0.2601,2.17,1,Polythene Packet
370,2022-02-07,3,Sudha,Bihar,838,934,795,992,50.62,27.8,40242.9,0.4508,667,39.89,100.66,0.1947,2.171,1,Tetra Pack
371,2022-02-14,3,Sudha,Bihar,657,513,616,1051,50.06,27.9,30836.96,0.4427,557,43.66,90.09,0.2082,2.208,2,Polythene Packet
372,2022-02-21,3,Sudha,Bihar,703,594,655,927,49.94,27.62,32710.7,0.4469,482,37.3,92.91,0.254,2.106,1,Refrigerated
373,2022-02-28,3,Sudha,Bihar,704,671,626,1024,49.63,27.35,31068.38,0.4489,499,40.78,100.68,0.1959,2.054,1,Polythene Packet
374,2022-03-07,3,Sudha,Bihar,728,779,723,1085,50.36,27.44,36410.28,0.4551,557,38.51,108.07,0.2047,2.11,2,Polythene Packet
375,2022-03-14,3,Sudha,Bihar,776,677,766,1000,50.16,27.29,38422.56,0.4559,458,43.17,93.3,0.2417,2.372,2,Refrigerated
376,2022-03-21,3,Sudha,Bihar,795,779,765,999,49.73,27.74,38043.45,0.4422,476,43.49,102.62,0.2545,2.152,1,Polythene Packet
377,2022-03-28,3,Sudha,Bihar,893,860,799,1106,50.04,27.73,39981.96,0.4458,548,44.32,102.16,0.2073,2.284,1,Tetra Pack
378,2022-04-04,3,Sudha,Bihar,895,940,839,1019,50.17,27.7,42092.63,0.4479,658,43.55,96.62,0.2315,2.449,1,Refrigerated
379,2022-04-11,3,Sudha,Bihar,782,794,754,991,50.2,27.49,37850.8,0.4524,714,39.89,106.95,0.2451,2.082,1,Polythene Packet
380,2022-04-18,3,Sudha,Bihar,788,718,742,1055,49.69,27.83,36869.98,0.4399,669,39.7,114.4,0.1826,2.383,1,Polythene Packet
381,2022-04-25,3,Sudha,Bihar,899,838,888,1024,49.69,27.45,44124.72,0.4476,644,44.8,113.53,0.2794,2.141,2,Polythene Packet
382,2022-05-02,3,Sudha,Bihar,663,553,585,1072,49.73,27.02,29092.05,0.4567,629,36.07,112.52,0.2629,2.057,2,Tetra Pack
383,2022-05-09,3,Sudha,Bihar,780,830,759,936,49.81,27.46,37805.79,0.4487,692,41.05,87.82,0.2095,2.741,2,Polythene Packet
384,2022-05-16,3,Sudha,Bihar,751,766,741,1010,48.53,26.21,35960.73,0.4599,706,41.61,92.29,0.2462,2.109,2,Polythene Packet
385,2022-05-23,3,Sudha,Bihar,729,722,677,969,49.6,27.35,33579.2,0.4486,720,38.01,92.35,0.1801,2.292,2,Polythene Packet
386,2022-05-30,3,Sudha,Bihar,680,715,610,1045,49.78,28.2,30365.8,0.4335,720,35.21,86.52,0.1831,2.3,2,Polythene Packet
387,2022-06-06,3,Sudha,Bihar,722,662,659,1024,49.71,27.23,32758.89,0.4522,704,37.23,107.15,0.297,2.814,2,Polythene Packet
388,2022-06-13,3,Sudha,Bihar,653,582,607,1090,49.76,27.27,30204.32,0.452,687,37.75,113.14,0.2126,2.598,2,Tetra Pack
389,2022-06-20,3,Sudha,Bihar,720,715,635,1025,49.74,26.96,31584.9,0.458,720,43.66,103.09,0.2548,2.342,2,Polythene Packet
390,2022-06-27,3,Sudha,Bihar,592,623,548,982,49.59,27.67,27175.32,0.442,720,42.96,112.14,0.2026,2.305,2,Polythene Packet
391,2022-07-04,3,Sudha,Bihar,695,686,692,1029,48.82,26.95,33783.44,0.448,697,37.48,111.47,0.4228,2.238,1,Polythene Packet
392,2022-07-11,3,Sudha,Bihar,689,587,636,897,49.28,27.09,31342.08,0.4503,668,37.24,108.17,0.4674,2.139,1,Polythene Packet
393,2022-07-18,3,Sudha,Bihar,534,501,515,973,49.26,27.31,25368.9,0.4456,659,44.41,103.32,0.4399,1.981,2,Refrigerated
394,2022-07-25,3,Sudha,Bihar,557,485,547,917,48.49,26.88,26524.03,0.4457,576,38.51,97.95,0.4744,2.697,2,Polythene Packet
395,2022-08-01,3,Sudha,Bihar,663,537,619,1118,48.53,27.09,30040.07,0.4418,500,40.53,107.64,0.4352,2.443,1,Polythene Packet
396,2022-08-08,3,Sudha,Bihar,551,509,528,1029,47.87,25.98,25275.36,0.4573,503,39.74,100.53,0.4074,2.022,1,Refrigerated
397,2022-08-15,3,Sudha,Bihar,585,453,543,1077,48.34,26.59,26248.62,0.4499,385,40.07,86.19,0.4071,2.268,2,Refrigerated
398,2022-08-22,3,Sudha,Bihar,686,653,684,1085,47.51,26.25,32496.84,0.4475,387,42.74,85.02,0.4436,2.297,1,Polythene Packet
399,2022-08-29,3,Sudha,Bihar,639,732,587,1006,47.92,26.41,28129.04,0.4489,537,44.85,113.1,0.4728,2.375,1,Polythene Packet
400,2022-09-05,3,Sudha,Bihar,604,542,571,950,47.69,26.8,27230.99,0.438,507,40.17,110.64,0.4353,2.111,2,Polythene Packet
401,2022-09-12,3,Sudha,Bihar,508,486,478,1006,48.46,26.99,23163.88,0.443,507,42.54,111.44,0.4395,2.413,1,Polythene Packet
402,2022-09-19,3,Sudha,Bihar,462,267,422,1000,48.56,26.91,20492.32,0.4458,342,39.27,112.04,0.4301,2.468,1,Polythene Packet
403,2022-09-26,3,Sudha,Bihar,492,478,485,1043,48.36,26.54,23454.6,0.4512,338,42.36,114.91,0.4059,2.182,2,Polythene Packet
404,2022-10-03,3,Sudha,Bihar,668,582,631,987,47.6,25.93,30035.6,0.4553,285,40.88,102.34,0.3026,2.059,1,Polythene Packet
405,2022-10-10,3,Sudha,Bihar,649,616,581,1010,47.42,26.05,27551.02,0.4507,292,42.39,85.83,0.2315,2.196,1,Polythene Packet
406,2022-10-17,3,Sudha,Bihar,636,584,591,1172,47.91,26.49,28314.81,0.4471,255,42.71,112.49,0.2208,1.999,2,Refrigerated
407,2022-10-24,3,Sudha,Bihar,635,611,559,1044,46.99,26.31,26267.41,0.4401,267,44.18,95.78,0.2003,1.97,2,Tetra Pack
408,2022-10-31,3,Sudha,Bihar,627,517,559,1089,47.87,26.21,26759.33,0.4525,206,41.38,113.63,0.3597,2.05,2,Tetra Pack
409,2022-11-07,3,Sudha,Bihar,694,742,686,1015,48.14,26.47,33024.04,0.4501,249,35.1,109.15,0.2223,2.472,1,Refrigerated
410,2022-11-14,3,Sudha,Bihar,700,622,682,985,47.72,26.19,32545.04,0.4512,187,39.65,104.6,0.1851,2.01,1,Polythene Packet
411,2022-11-21,3,Sudha,Bihar,656,697,636,1132,48.96,27.04,31138.56,0.4477,262,42.81,96.92,0.2345,2.029,1,Refrigerated
412,2022-11-28,3,Sudha,Bihar,637,668,568,986,49.11,27.15,27894.48,0.4472,356,43.49,90.84,0.195,2.368,1,Polythene Packet
413,2022-12-05,3,Sudha,Bihar,542,576,492,1108,48.83,26.56,24024.36,0.4561,417,38.26,94.09,0.2278,2.199,1,Polythene Packet
414,2022-12-12,3,Sudha,Bihar,750,726,714,986,49.36,27.47,35243.04,0.4435,444,35.94,105.86,0.2056,2.564,2,Tetra Pack
415,2022-12-19,3,Sudha,Bihar,739,756,657,1113,49.35,27.45,32422.95,0.4438,535,41.54,93.87,0.2457,2.328,2,Polythene Packet
416,2022-12-26,3,Sudha,Bihar,745,605,714,1020,49.35,26.97,35235.9,0.4535,439,42.87,87.22,0.499,2.231,1,Polythene Packet
417,2023-01-02,3,Sudha,Bihar,779,790,773,1049,49.95,27.31,38611.35,0.4533,452,38.2,98.03,0.2058,2.138,1,Polythene Packet
418,2023-01-09,3,Sudha,Bihar,840,845,828,1082,49.39,27.06,40894.92,0.4521,464,38.24,102.57,0.1821,1.996,1,Polythene Packet
419,2023-01-16,3,Sudha,Bihar,691,628,678,978,49.71,26.65,33703.38,0.4639,390,37.94,99.26,0.2378,2.571,1,Polythene Packet
420,2023-01-23,3,Sudha,Bihar,701,700,683,1076,49.69,27.68,33938.27,0.4429,400,40.39,110.31,0.19,1.923,1,Polythene Packet
421,2023-01-30,3,Sudha,Bihar,791,831,773,1095,49.63,27.24,38363.99,0.4511,479,36.27,105.16,0.217,2.15,1,Polythene Packet
422,2023-02-06,3,Sudha,Bihar,735,748,668,1076,48.99,26.97,32725.32,0.4495,561,42.35,87.84,0.2196,1.791,1,Tetra Pack
423,2023-02-13,3,Sudha,Bihar,752,609,733,1058,49.51,27.03,36290.83,0.454,431,37.02,104.53,0.2206,2.601,2,Polythene Packet
424,2023-02-20,3,Sudha,Bihar,719,756,689,1097,49.46,26.94,34077.94,0.4553,493,35.75,107.5,0.2344,1.975,2,Polythene Packet
425,2023-02-27,3,Sudha,Bihar,805,770,757,931,50.23,27.58,38024.11,0.4509,490,40.86,105.66,0.229,2.446,1,Polythene Packet
426,2023-03-06,3,Sudha,Bihar,835,830,789,991,50.51,27.34,39852.39,0.4587,518,43.81,89.26,0.1887,2.256,2,Polythene Packet
427,2023-03-13,3,Sudha,Bihar,747,724,710,1140,50.26,28.06,35684.6,0.4417,554,44.49,96.3,0.2646,2.381,1,Polythene Packet
428,2023-03-20,3,Sudha,Bihar,669,773,590,1048,50.46,27.73,29771.4,0.4505,720,39.54,98.8,0.2466,2.107,2,Polythene Packet
429,2023-03-27,3,Sudha,Bihar,815,871,794,1074,49.57,27.67,39358.58,0.4418,720,43.65,110.72,0.2181,2.148,2,Polythene Packet
430,2023-04-03,3,Sudha,Bihar,829,876,765,1072,49.74,27.19,38051.1,0.4534,720,41.28,111.83,0.3067,2.106,2,Polythene Packet
431,2023-04-10,3,Sudha,Bihar,771,669,756,1062,50.39,27.65,38094.84,0.4513,621,40.05,111.78,0.1965,1.872,2,Polythene Packet
432,2023-04-17,3,Sudha,Bihar,700,782,653,1078,48.69,27.12,31794.57,0.443,720,40.07,99.43,0.2086,2.356,1,Polythene Packet
433,2023-04-24,3,Sudha,Bihar,811,866,804,1090,50.29,27.74,40433.16,0.4484,720,42.72,93.15,0.1902,1.965,2,Refrigerated
434,2023-05-01,3,Sudha,Bihar,838,899,783,1000,49.06,27.51,38413.98,0.4393,720,35.78,103.54,0.2109,2.147,2,Polythene Packet
435,2023-05-08,3,Sudha,Bihar,723,682,656,1013,49.06,26.83,32183.36,0.4531,720,41.11,87.44,0.1843,2.025,2,Polythene Packet
436,2023-05-15,3,Sudha,Bihar,785,716,775,1094,50.68,27.84,39277.0,0.4507,653,40.86,94.57,0.1898,2.076,1,Polythene Packet
437,2023-05-22,3,Sudha,Bihar,899,751,827,1121,49.5,27.17,40936.5,0.4511,567,36.39,87.37,0.4423,2.268,1,Polythene Packet
438,2023-05-29,3,Sudha,Bihar,742,672,717,926,50.16,27.49,35964.72,0.452,504,40.04,114.02,0.3193,2.7,2,Tetra Pack
439,2023-06-05,3,Sudha,Bihar,647,587,637,1049,49.55,26.99,31563.35,0.4553,430,42.45,88.54,0.1842,2.198,1,Polythene Packet
440,2023-06-12,3,Sudha,Bihar,731,718,713,1009,49.54,27.02,35322.02,0.4546,453,37.49,94.97,0.2432,2.828,2,Polythene Packet
441,2023-06-19,3,Sudha,Bihar,767,804,713,1052,48.92,27.09,34879.96,0.4462,564,44.21,99.57,0.1905,2.298,2,Polythene Packet
442,2023-06-26,3,Sudha,Bihar,636,555,633,984,48.6,27.28,30763.8,0.4387,525,35.56,106.51,0.2314,2.158,1,Polythene Packet
443,2023-07-03,3,Sudha,Bihar,753,740,699,933,49.1,26.76,34320.9,0.455,561,43.18,104.8,0.4664,2.221,2,Polythene Packet
444,2023-07-10,3,Sudha,Bihar,599,570,595,1013,49.38,27.06,29381.1,0.452,550,35.55,102.22,0.4963,3.049,2,Refrigerated
445,2023-07-17,3,Sudha,Bihar,674,563,639,961,49.1,26.4,31374.9,0.4623,442,35.95,111.76,0.4315,2.162,1,Polythene Packet
446,2023-07-24,3,Sudha,Bihar,720,643,719,1027,48.83,26.6,35108.77,0.4553,368,35.81,108.0,0.4172,1.984,1,Polythene Packet
447,2023-07-31,3,Sudha,Bihar,700,644,636,1043,48.05,26.69,30559.8,0.4445,389,42.84,93.22,0.4095,2.409,1,Polythene Packet
448,2023-08-07,3,Sudha,Bihar,613,769,599,1075,47.55,26.18,28482.45,0.4494,578,38.19,104.36,0.4766,2.445,1,Polythene Packet
449,2023-08-14,3,Sudha,Bihar,648,576,613,1045,47.89,26.3,29356.57,0.4508,565,43.05,111.77,0.5031,2.209,1,Polythene Packet
450,2023-08-21,3,Sudha,Bihar,587,654,521,1025,49.06,26.73,25560.26,0.4552,690,35.65,104.54,0.4082,2.075,2,Refrigerated
451,2023-08-28,3,Sudha,Bihar,665,697,599,1005,47.67,26.58,28554.33,0.4424,720,37.45,108.13,0.4144,2.425,2,Polythene Packet
452,2023-09-04,3,Sudha,Bihar,682,598,652,930,48.1,26.77,31361.2,0.4435,683,38.1,87.38,0.4461,2.207,1,Refrigerated
453,2023-09-11,3,Sudha,Bihar,557,500,508,1049,47.03,25.62,23891.24,0.4552,689,42.59,109.6,0.4047,2.612,2,Polythene Packet
454,2023-09-18,3,Sudha,Bihar,700,747,694,1019,48.44,26.86,33617.36,0.4455,705,35.44,96.07,0.4172,2.516,1,Polythene Packet
455,2023-09-25,3,Sudha,Bihar,498,494,492,946,48.58,26.69,23901.36,0.4506,706,40.88,97.78,0.402,2.051,1,Polythene Packet
456,2023-10-02,3,Sudha,Bihar,615,555,614,1017,48.2,26.76,29594.8,0.4448,654,43.94,98.02,0.1893,2.208,1,Tetra Pack
457,2023-10-09,3,Sudha,Bihar,646,575,581,979,48.33,26.24,28079.73,0.4571,619,39.03,96.2,0.1822,2.252,2,Refrigerated
458,2023-10-16,3,Sudha,Bihar,614,613,569,1058,47.48,26.42,27016.12,0.4436,672,44.79,98.59,0.2254,1.843,2,Tetra Pack
459,2023-10-23,3,Sudha,Bihar,537,463,536,1059,47.92,26.83,25685.12,0.4401,585,39.95,112.92,0.2154,2.297,2,Polythene Packet
460,2023-10-30,3,Sudha,Bihar,659,631,627,1004,47.88,25.99,30020.76,0.4572,556,37.76,111.08,0.2935,2.35,1,Polythene Packet
461,2023-11-06,3,Sudha,Bihar,678,647,649,1058,47.83,26.39,31041.67,0.4483,569,37.05,98.83,0.188,2.218,1,Refrigerated
462,2023-11-13,3,Sudha,Bihar,699,672,672,1025,49.4,26.95,33196.8,0.4545,547,39.61,101.35,0.2122,2.276,2,Polythene Packet
463,2023-11-20,3,Sudha,Bihar,690,659,644,1045,48.41,26.51,31176.04,0.4524,553,39.73,93.59,0.182,2.317,2,Polythene Packet
464,2023-11-27,3,Sudha,Bihar,605,539,559,1078,48.61,27.17,27172.99,0.4411,525,42.53,114.17,0.319,2.244,2,Refrigerated
465,2023-12-04,3,Sudha,Bihar,658,627,640,1171,47.27,26.11,30252.8,0.4476,508,43.73,86.27,0.2743,1.798,2,Tetra Pack
466,2023-12-11,3,Sudha,Bihar,727,650,702,1047,48.16,26.33,33808.32,0.4533,463,41.95,99.75,0.2808,2.267,2,Refrigerated
467,2023-12-18,3,Sudha,Bihar,690,706,630,1054,48.96,26.92,30844.8,0.4502,591,41.94,114.05,0.19,2.071,2,Polythene Packet
468,2023-12-25,3,Sudha,Bihar,669,617,660,1017,49.36,26.59,32577.6,0.4613,535,38.63,97.24,0.2157,2.201,2,Polythene Packet
469,2024-01-01,3,Sudha,Bihar,665,615,650,1128,48.22,26.54,31343.0,0.4496,481,36.45,90.53,0.2569,2.071,1,Refrigerated
470,2024-01-08,3,Sudha,Bihar,758,697,679,1064,49.15,27.01,33372.85,0.4505,492,37.36,92.97,0.1885,2.197,2,Polythene Packet
471,2024-01-15,3,Sudha,Bihar,654,706,602,1043,49.06,26.67,29534.12,0.4564,567,41.73,92.11,0.2265,2.573,2,Polythene Packet
472,2024-01-22,3,Sudha,Bihar,626,640,605,1019,49.18,27.65,29753.9,0.4378,604,36.65,97.88,0.3124,1.958,1,Refrigerated
473,2024-01-29,3,Sudha,Bihar,715,808,682,1044,49.11,26.55,33493.02,0.4594,720,38.33,106.77,0.2095,1.83,1,Polythene Packet
474,2024-02-05,3,Sudha,Bihar,715,796,693,1246,49.02,26.66,33970.86,0.4561,720,38.78,107.41,0.2423,2.399,2,Refrigerated
475,2024-02-12,3,Sudha,Bihar,843,822,748,1080,49.44,27.18,36981.12,0.4502,720,38.1,105.56,0.2217,1.831,2,Polythene Packet
476,2024-02-19,3,Sudha,Bihar,799,714,780,1003,49.58,27.56,38672.4,0.4441,635,39.69,114.96,0.1997,2.307,1,Tetra Pack
477,2024-02-26,3,Sudha,Bihar,746,793,672,1137,49.55,27.54,33297.6,0.4442,720,35.91,92.9,0.2111,1.978,1,Refrigerated
478,2024-03-04,3,Sudha,Bihar,880,737,851,1111,50.43,28.19,42915.93,0.441,633,38.85,111.07,0.1966,2.486,1,Refrigerated
479,2024-03-11,3,Sudha,Bihar,770,833,717,1035,49.36,27.47,35391.12,0.4435,720,41.07,104.71,0.2302,1.925,1,Tetra Pack
480,2024-03-18,3,Sudha,Bihar,807,783,723,1042,50.97,28.84,36851.31,0.4342,720,44.71,111.35,0.2064,2.361,1,Polythene Packet
481,2024-03-25,3,Sudha,Bihar,760,639,733,1078,50.45,27.68,36979.85,0.4513,587,37.54,92.3,0.2239,2.317,1,Refrigerated
482,2024-04-01,3,Sudha,Bihar,773,811,718,968,49.5,26.94,35541.0,0.4558,674,35.37,107.78,0.195,2.212,1,Refrigerated
483,2024-04-08,3,Sudha,Bihar,821,797,752,1146,50.55,28.99,38013.6,0.4265,697,41.56,98.7,0.214,2.349,2,Polythene Packet
484,2024-04-15,3,Sudha,Bihar,779,645,689,1053,49.4,27.37,34036.6,0.446,653,37.89,104.73,0.2644,2.321,1,Refrigerated
485,2024-04-22,3,Sudha,Bihar,817,883,783,1014,49.62,26.95,38852.46,0.4569,720,38.45,94.27,0.2458,1.887,1,Polythene Packet
486,2024-04-29,3,Sudha,Bihar,715,783,669,1111,49.8,27.49,33316.2,0.448,720,38.22,87.32,0.2963,2.8,1,Refrigerated
487,2024-05-06,3,Sudha,Bihar,763,714,742,1039,49.37,26.97,36632.54,0.4537,666,43.74,103.55,0.1829,1.839,1,Polythene Packet
488,2024-05-13,3,Sudha,Bihar,702,651,622,1081,49.96,27.47,31075.12,0.4502,660,44.98,100.96,0.1947,1.997,1,Polythene Packet
489,2024-05-20,3,Sudha,Bihar,673,615,617,1042,49.22,27.08,30368.74,0.4498,645,41.93,86.85,0.1834,2.254,2,Refrigerated
490,2024-05-27,3,Sudha,Bihar,808,736,743,1083,49.47,27.42,36756.21,0.4457,624,41.3,87.36,0.2573,2.242,1,Polythene Packet
491,2024-06-03,3,Sudha,Bihar,776,779,693,1062,49.49,27.1,34296.57,0.4524,720,37.0,98.8,0.2208,2.001,1,Polythene Packet
492,2024-06-10,3,Sudha,Bihar,782,755,710,1080,50.0,27.93,35500.0,0.4414,720,38.74,107.42,0.2248,2.116,2,Polythene Packet
493,2024-06-17,3,Sudha,Bihar,774,708,733,1028,49.19,27.22,36056.27,0.4466,712,41.25,102.91,0.2302,1.896,1,Polythene Packet
494,2024-06-24,3,Sudha,Bihar,705,657,643,1088,49.96,27.92,32124.28,0.4412,720,40.94,112.37,0.1997,2.571,1,Polythene Packet
495,2024-07-01,3,Sudha,Bihar,605,568,550,987,49.04,26.62,26972.0,0.4572,720,40.78,87.94,0.4201,2.574,2,Polythene Packet
496,2024-07-08,3,Sudha,Bihar,673,645,634,1169,48.44,25.95,30710.96,0.4643,720,40.96,110.71,0.4514,2.337,2,Polythene Packet
497,2024-07-15,3,Sudha,Bihar,565,493,564,991,48.69,26.71,27461.16,0.4514,656,40.7,106.23,0.4761,2.544,1,Polythene Packet
498,2024-07-22,3,Sudha,Bihar,678,578,674,1044,48.3,26.68,32554.2,0.4476,602,36.07,101.81,0.4045,2.135,1,Polythene Packet
499,2024-07-29,3,Sudha,Bihar,644,615,611,1016,47.86,26.43,29242.46,0.4478,619,39.89,89.92,0.4628,2.187,2,Refrigerated
